{
  "lhz": {
    "password": "916df68c5ef12875783427c9a161197f9f576364712ea9e48f77ebf3ea31dd10",
    "registration_date": "2025-10-08 17:05:44",
    "last_login": "2025-10-08 17:13:05"
  },
  "尹藏楽le": {
    "password": "440c1926c12d7dd5aca392c963f162ffbd4baa616786f160a0fb963bd37ede3f",
    "registration_date": "2025-10-08 17:07:22",
    "last_login": "2025-10-13 11:25:16"
  },
  "szc": {
    "password": "5143a8ad5f4db57639a3a3e6dd36311dbf727e516e14ab5c92e980b9fb8beddd",
    "registration_date": "2025-10-08 17:12:50",
    "last_login": null
  },
  "lxy": {
    "password": "5143a8ad5f4db57639a3a3e6dd36311dbf727e516e14ab5c92e980b9fb8beddd",
    "registration_date": "2025-10-08 17:14:12",
    "last_login": null
  },
  "wxy": {
    "password": "5143a8ad5f4db57639a3a3e6dd36311dbf727e516e14ab5c92e980b9fb8beddd",
    "registration_date": "2025-10-08 17:14:34",
    "last_login": null
  },
  "dwzx": {
    "password": "5143a8ad5f4db57639a3a3e6dd36311dbf727e516e14ab5c92e980b9fb8beddd",
    "registration_date": "2025-10-08 17:15:09",
    "last_login": null
  }
}